{"_type":"export","__export_format":4,"__export_date":"2019-09-01T12:00:12.366Z","__export_source":"insomnia.desktop.app:v6.6.2","resources":[{"_id":"req_2c609f2130954082910c090539058832","authentication":{"token":"{{ token  }}","type":"bearer"},"body":{},"created":1567274409260,"description":"","headers":[],"isPrivate":false,"metaSortKey":-1567274409260,"method":"GET","modified":1567275375144,"name":"Notifications","parameters":[],"parentId":"fld_d4057ac2f438422eae38484815e5f624","settingDisableRenderRequestBody":false,"settingEncodeUrl":true,"settingRebuildPath":true,"settingSendCookies":true,"settingStoreCookies":true,"url":"{{ base_url  }}/notification","_type":"request"},{"_id":"fld_d4057ac2f438422eae38484815e5f624","created":1567274401054,"description":"","environment":{},"environmentPropertyOrder":null,"metaSortKey":-1567274401054,"modified":1567274401054,"name":"Notifications","parentId":"wrk_ce6bac251f9544d1ab1857d3a36a6e3c","_type":"request_group"},{"_id":"wrk_ce6bac251f9544d1ab1857d3a36a6e3c","created":1566524472231,"description":"","modified":1566524472231,"name":"GoBarber","parentId":null,"_type":"workspace"},{"_id":"req_b997a041046045e1afa3fa1e3dbe3bdb","authentication":{"token":"{{ token  }}","type":"bearer"},"body":{},"created":1567275294927,"description":"","headers":[],"isPrivate":false,"metaSortKey":-1567272550977.5,"method":"PUT","modified":1567275367274,"name":"Marcar notificação como lida","parameters":[],"parentId":"fld_d4057ac2f438422eae38484815e5f624","settingDisableRenderRequestBody":false,"settingEncodeUrl":true,"settingRebuildPath":true,"settingSendCookies":true,"settingStoreCookies":true,"url":"{{ base_url  }}/notification/5d6ab81b1a9e37665b163b66","_type":"request"},{"_id":"req_e46df54dac3048588b0e6ce1d8afccad","authentication":{"token":"{{ token  }}","type":"bearer"},"body":{},"created":1567270692695,"description":"","headers":[],"isPrivate":false,"metaSortKey":-1567270692695,"method":"GET","modified":1567271452584,"name":"scheddule","parameters":[{"id":"pair_5a99cbc352224146b0673aeb40984033","name":"date","value":"2021-05-01T18:00:00-03:00"},{"id":"pair_19ea4bd06d414f42a0065fe257092f4e","name":"","value":""}],"parentId":"fld_8a668b8fcff6492a8ce6f0f66e96b452","settingDisableRenderRequestBody":false,"settingEncodeUrl":true,"settingRebuildPath":true,"settingSendCookies":true,"settingStoreCookies":true,"url":"{{ base_url  }}/schedule","_type":"request"},{"_id":"fld_8a668b8fcff6492a8ce6f0f66e96b452","created":1567270685127,"description":"","environment":{},"environmentPropertyOrder":null,"metaSortKey":-1567270685127,"modified":1567270685127,"name":"schedulle","parentId":"wrk_ce6bac251f9544d1ab1857d3a36a6e3c","_type":"request_group"},{"_id":"req_e275d4d840f140b6810f9e1de482df0c","authentication":{"token":"{{ token  }}","type":"bearer"},"body":{},"created":1567275590720,"description":"","headers":[],"isPrivate":false,"metaSortKey":-1567275590720,"method":"DELETE","modified":1567285644275,"name":"Deletar Agendamento","parameters":[],"parentId":"fld_7a0ca330510f4449b29b935c29ddcf4b","settingDisableRenderRequestBody":false,"settingEncodeUrl":true,"settingRebuildPath":true,"settingSendCookies":true,"settingStoreCookies":true,"url":"{{ base_url  }}/appointments/9","_type":"request"},{"_id":"fld_7a0ca330510f4449b29b935c29ddcf4b","created":1567262275183,"description":"","environment":{},"environmentPropertyOrder":null,"metaSortKey":-1567262275183,"modified":1567262275183,"name":"appointments","parentId":"wrk_ce6bac251f9544d1ab1857d3a36a6e3c","_type":"request_group"},{"_id":"req_d019510148f240dea12ce98dcac13146","authentication":{"token":"{{ token  }}","type":"bearer"},"body":{},"created":1567265569810,"description":"","headers":[],"isPrivate":false,"metaSortKey":-1567265569810,"method":"GET","modified":1567337310671,"name":"List Appointment","parameters":[{"id":"pair_cf08c212871e4792a6a63839c274fb1e","name":"page","value":"1"}],"parentId":"fld_7a0ca330510f4449b29b935c29ddcf4b","settingDisableRenderRequestBody":false,"settingEncodeUrl":true,"settingRebuildPath":true,"settingSendCookies":true,"settingStoreCookies":true,"url":"{{ base_url  }}/appointments","_type":"request"},{"_id":"req_3c38c28c5ad6444b8aa46e5e298ea1e2","authentication":{"token":"{{ token  }}","type":"bearer"},"body":{"mimeType":"application/json","text":"{\n\t\"provider_id\": \"2\",\n\t\"date\":\"2019-09-30T19:00:00-03:00\"\n}"},"created":1567262328348,"description":"","headers":[{"id":"pair_a83d15bfe03141a4aad12b500ee0d7cc","name":"Content-Type","value":"application/json"}],"isPrivate":false,"metaSortKey":-1567262328348,"method":"POST","modified":1567339098272,"name":"New Appointment","parameters":[],"parentId":"fld_7a0ca330510f4449b29b935c29ddcf4b","settingDisableRenderRequestBody":false,"settingEncodeUrl":true,"settingRebuildPath":true,"settingSendCookies":true,"settingStoreCookies":true,"url":"{{ base_url  }}/appointments","_type":"request"},{"_id":"req_d5374fb0deac416fb6448b3e71d15747","authentication":{"token":"{{ token  }}","type":"bearer"},"body":{},"created":1567260494836,"description":"","headers":[],"isPrivate":false,"metaSortKey":-1567260494836,"method":"GET","modified":1567269811006,"name":"Providers","parameters":[],"parentId":"fld_a8fcb1b5229d45e0af17ed913f9937e3","settingDisableRenderRequestBody":false,"settingEncodeUrl":true,"settingRebuildPath":true,"settingSendCookies":true,"settingStoreCookies":true,"url":"{{ base_url  }}/providers","_type":"request"},{"_id":"fld_a8fcb1b5229d45e0af17ed913f9937e3","created":1567260486635,"description":"","environment":{},"environmentPropertyOrder":null,"metaSortKey":-1567260486635,"modified":1567260486635,"name":"Providers","parentId":"wrk_ce6bac251f9544d1ab1857d3a36a6e3c","_type":"request_group"},{"_id":"req_c311593884674b2b80137cca0b341c50","authentication":{"token":"{{ token  }}","type":"bearer"},"body":{"mimeType":"multipart/form-data","params":[{"fileName":"/home/felipe/Pictures/avatar-neytiri.jpg","id":"pair_e920bf9dee20412b99194ccb3f3197b8","name":"file","type":"file","value":""}]},"created":1567254018873,"description":"","headers":[{"id":"pair_85ed6c56bb964abea9336cb39fdca38b","name":"Content-Type","value":"multipart/form-data"}],"isPrivate":false,"metaSortKey":-1567254018873,"method":"POST","modified":1567255089239,"name":"create","parameters":[],"parentId":"fld_df77d4b63638485199199cee43e7b816","settingDisableRenderRequestBody":false,"settingEncodeUrl":true,"settingRebuildPath":true,"settingSendCookies":true,"settingStoreCookies":true,"url":"{{ base_url  }}/files","_type":"request"},{"_id":"fld_df77d4b63638485199199cee43e7b816","created":1567254013043,"description":"","environment":{},"environmentPropertyOrder":null,"metaSortKey":-1567254013043,"modified":1567254013043,"name":"files","parentId":"wrk_ce6bac251f9544d1ab1857d3a36a6e3c","_type":"request_group"},{"_id":"req_c19625591dcf4d2d89b18a7613e6a84b","authentication":{},"body":{"mimeType":"application/json","text":"{\n\n\t\"email\":\"mario@hotmail.com\",\n\t\"password\":\"123456\"\n}"},"created":1566683280458,"description":"","headers":[{"id":"pair_ab84cae5d8d54254a2e6114e9c55a3e7","name":"Content-Type","value":"application/json"}],"isPrivate":false,"metaSortKey":-1566456498874.5,"method":"POST","modified":1567282603938,"name":"Criar sessao","parameters":[],"parentId":"fld_728c40f748d54fb58aa76aaeffa05a66","settingDisableRenderRequestBody":false,"settingEncodeUrl":true,"settingRebuildPath":true,"settingSendCookies":true,"settingStoreCookies":true,"url":"{{ base_url  }}/session","_type":"request"},{"_id":"fld_728c40f748d54fb58aa76aaeffa05a66","created":1566683263728,"description":"","environment":{},"environmentPropertyOrder":null,"metaSortKey":-1566683263728,"modified":1566683263728,"name":"Session","parentId":"wrk_ce6bac251f9544d1ab1857d3a36a6e3c","_type":"request_group"},{"_id":"req_6224b9f467234d628cf8850e4861bcd8","authentication":{"token":"{{ token  }}","type":"bearer"},"body":{},"created":1567285923936,"description":"","headers":[],"isPrivate":false,"metaSortKey":-1567285923936,"method":"GET","modified":1567287573487,"name":"Available Horarios","parameters":[{"disabled":false,"id":"pair_a813dea5c9574b2c95d3b2819f1156a9","name":"date","value":"1567286172141"},{"id":"pair_fe486204c66c480898020ac235224c29","name":"","value":""}],"parentId":"fld_bda90b149f0140a09330782782ad7050","settingDisableRenderRequestBody":false,"settingEncodeUrl":true,"settingRebuildPath":true,"settingSendCookies":true,"settingStoreCookies":true,"url":"{{ base_url  }}/providers/2/available","_type":"request"},{"_id":"fld_bda90b149f0140a09330782782ad7050","created":1567285880096,"description":"","environment":{},"environmentPropertyOrder":null,"metaSortKey":-1566603877948.5,"modified":1567285887665,"name":"Available","parentId":"wrk_ce6bac251f9544d1ab1857d3a36a6e3c","_type":"request_group"},{"_id":"req_e69de3fddcac4191b1977e7eb703fbae","authentication":{},"body":{"mimeType":"application/json","text":"{\n\t\"name\":\"Felipe\",\n\t\"email\":\"ff_it@hotmail.com\",\n\t\"password\":\"123456\"\n}"},"created":1566524544086,"description":"","headers":[{"id":"pair_ab84cae5d8d54254a2e6114e9c55a3e7","name":"Content-Type","value":"application/json"}],"isPrivate":false,"metaSortKey":-1566603877998.5,"method":"POST","modified":1567269174605,"name":"Cadastrar Usuario","parameters":[],"parentId":"fld_5ec8839bd71544daa490e4031f74a314","settingDisableRenderRequestBody":false,"settingEncodeUrl":true,"settingRebuildPath":true,"settingSendCookies":true,"settingStoreCookies":true,"url":"{{ base_url  }}/users","_type":"request"},{"_id":"fld_5ec8839bd71544daa490e4031f74a314","created":1566524492169,"description":"","environment":{},"environmentPropertyOrder":null,"metaSortKey":-1566524492169,"modified":1566524492169,"name":"Users","parentId":"wrk_ce6bac251f9544d1ab1857d3a36a6e3c","_type":"request_group"},{"_id":"req_b6debb741f124f24a791246d3087121e","authentication":{"token":"{{ token  }}","type":"bearer"},"body":{"mimeType":"application/json","text":"{\n\t\"name\":\"Marcelo c\",\n\t\"oldPassword\":\"123456\",\n\t\"password\":\"123456\",\n\t\"confirmPassword\":\"123456\",\n\t\"avatar_id\":\"1\"\n}"},"created":1566683651686,"description":"","headers":[{"id":"pair_ab84cae5d8d54254a2e6114e9c55a3e7","name":"Content-Type","value":"application/json"}],"isPrivate":false,"metaSortKey":-1566603877948.5,"method":"PUT","modified":1567269800339,"name":"Atualizar Usuario","parameters":[],"parentId":"fld_5ec8839bd71544daa490e4031f74a314","settingDisableRenderRequestBody":false,"settingEncodeUrl":true,"settingRebuildPath":true,"settingSendCookies":true,"settingStoreCookies":true,"url":"{{ base_url  }}/users","_type":"request"},{"_id":"env_47823d0a1b9bfccb646a3618c347296ae57bd301","color":null,"created":1566524472313,"data":{"base_url":"http://localhost:3333","token":"eyJhbGciOiJIUzI1NiIsInR5cCI6IkpXVCJ9.eyJpZCI6MSwiaWF0IjoxNTY3MjgyNjA1LCJleHAiOjE1Njc4ODc0MDV9.JDx0br7kpYSeTgj7x0GjVUTdpjaQGNVxsu4-t1IqLNI"},"dataPropertyOrder":{"&":["base_url","token"]},"isPrivate":false,"metaSortKey":1566524472313,"modified":1567282619627,"name":"Base Environment","parentId":"wrk_ce6bac251f9544d1ab1857d3a36a6e3c","_type":"environment"},{"_id":"jar_47823d0a1b9bfccb646a3618c347296ae57bd301","cookies":[],"created":1566524472319,"modified":1566524472319,"name":"Default Jar","parentId":"wrk_ce6bac251f9544d1ab1857d3a36a6e3c","_type":"cookie_jar"}]}